,Word,Times,Negative,Neutral,Positive,Compound,Classify,Value
0,trump,21863,0.0,1.0,0.0,0.0,Neutral,0.0
1,people,13354,0.0,1.0,0.0,0.0,Neutral,0.0
2,president,12600,0.0,1.0,0.0,0.0,Neutral,0.0
3,time,12577,0.0,1.0,0.0,0.0,Neutral,0.0
4,report,10599,0.0,1.0,0.0,0.0,Neutral,0.0
5,company,8811,0.0,1.0,0.0,0.0,Neutral,0.0
6,day,8195,0.0,1.0,0.0,0.0,Neutral,0.0
7,house,7901,0.0,1.0,0.0,0.0,Neutral,0.0
8,percent,7768,0.0,1.0,0.0,0.0,Neutral,0.0
9,call,7120,0.0,1.0,0.0,0.0,Neutral,0.0
10,week,6876,0.0,1.0,0.0,0.0,Neutral,0.0
11,news,6296,0.0,1.0,0.0,0.0,Neutral,0.0
12,country,6240,0.0,1.0,0.0,0.0,Neutral,0.0
13,hill,6068,0.0,1.0,0.0,0.0,Neutral,0.0
14,month,6007,0.0,1.0,0.0,0.0,Neutral,0.0
15,market,5595,0.0,1.0,0.0,0.0,Neutral,0.0
16,american,5451,0.0,1.0,0.0,0.0,Neutral,0.0
17,government,5364,0.0,1.0,0.0,0.0,Neutral,0.0
18,woman,5268,0.0,1.0,0.0,0.0,Neutral,0.0
19,plan,5080,0.0,1.0,0.0,0.0,Neutral,0.0
20,washington,5079,0.0,1.0,0.0,0.0,Neutral,0.0
21,share,4880,0.0,0.0,1.0,0.296,Positive,1.0
22,white,4855,0.0,1.0,0.0,0.0,Neutral,0.0
23,republican,4834,0.0,1.0,0.0,0.0,Neutral,0.0
24,campaign,4748,0.0,1.0,0.0,0.0,Neutral,0.0
25,official,4676,0.0,1.0,0.0,0.0,Neutral,0.0
26,democrat,4540,0.0,1.0,0.0,0.0,Neutral,0.0
27,family,4528,0.0,1.0,0.0,0.0,Neutral,0.0
28,write,4486,0.0,1.0,0.0,0.0,Neutral,0.0
29,york,4442,0.0,1.0,0.0,0.0,Neutral,0.0
30,support,4421,0.0,0.0,1.0,0.4019,Positive,1.0
31,lead,4245,0.0,1.0,0.0,0.0,Neutral,0.0
32,united,4205,0.0,0.0,1.0,0.4215,Positive,1.0
33,issue,4172,0.0,1.0,0.0,0.0,Neutral,0.0
34,party,4124,0.0,0.0,1.0,0.4019,Positive,1.0
35,business,4115,0.0,1.0,0.0,0.0,Neutral,0.0
36,national,4085,0.0,1.0,0.0,0.0,Neutral,0.0
37,vote,4072,0.0,1.0,0.0,0.0,Neutral,0.0
38,senate,4039,0.0,1.0,0.0,0.0,Neutral,0.0
39,law,4037,0.0,1.0,0.0,0.0,Neutral,0.0
40,move,4037,0.0,1.0,0.0,0.0,Neutral,0.0
41,start,4020,0.0,1.0,0.0,0.0,Neutral,0.0
42,life,4007,0.0,1.0,0.0,0.0,Neutral,0.0
43,view,3988,0.0,1.0,0.0,0.0,Neutral,0.0
44,public,3960,0.0,1.0,0.0,0.0,Neutral,0.0
45,deal,3932,0.0,1.0,0.0,0.0,Neutral,0.0
46,city,3910,0.0,1.0,0.0,0.0,Neutral,0.0
47,statement,3907,0.0,1.0,0.0,0.0,Neutral,0.0
48,billion,3893,0.0,1.0,0.0,0.0,Neutral,0.0
49,tuesday,3874,0.0,1.0,0.0,0.0,Neutral,0.0
50,street,3869,0.0,1.0,0.0,0.0,Neutral,0.0
51,china,3860,0.0,1.0,0.0,0.0,Neutral,0.0
52,trade,3817,0.0,1.0,0.0,0.0,Neutral,0.0
53,leave,3804,1.0,0.0,0.0,-0.0516,Negative,-1.0
54,continue,3795,0.0,1.0,0.0,0.0,Neutral,0.0
55,election,3774,0.0,1.0,0.0,0.0,Neutral,0.0
56,policy,3729,0.0,1.0,0.0,0.0,Neutral,0.0
57,child,3711,0.0,1.0,0.0,0.0,Neutral,0.0
58,democratic,3640,0.0,1.0,0.0,0.0,Neutral,0.0
59,court,3634,0.0,1.0,0.0,0.0,Neutral,0.0
60,monday,3602,0.0,1.0,0.0,0.0,Neutral,0.0
61,change,3576,0.0,1.0,0.0,0.0,Neutral,0.0
62,bill,3556,0.0,1.0,0.0,0.0,Neutral,0.0
63,political,3553,0.0,1.0,0.0,0.0,Neutral,0.0
64,price,3474,0.0,1.0,0.0,0.0,Neutral,0.0
65,administration,3464,0.0,1.0,0.0,0.0,Neutral,0.0
66,health,3463,0.0,1.0,0.0,0.0,Neutral,0.0
67,thursday,3453,0.0,1.0,0.0,0.0,Neutral,0.0
68,hold,3435,0.0,1.0,0.0,0.0,Neutral,0.0
69,bank,3408,0.0,1.0,0.0,0.0,Neutral,0.0
70,talk,3380,0.0,1.0,0.0,0.0,Neutral,0.0
71,security,3357,0.0,0.0,1.0,0.34,Positive,1.0
72,wednesday,3335,0.0,1.0,0.0,0.0,Neutral,0.0
73,tax,3331,0.0,1.0,0.0,0.0,Neutral,0.0
74,expect,3312,0.0,1.0,0.0,0.0,Neutral,0.0
75,service,3259,0.0,1.0,0.0,0.0,Neutral,0.0
76,office,3225,0.0,1.0,0.0,0.0,Neutral,0.0
77,federal,3204,0.0,1.0,0.0,0.0,Neutral,0.0
78,school,3189,0.0,1.0,0.0,0.0,Neutral,0.0
79,question,3179,0.0,1.0,0.0,0.0,Neutral,0.0
80,police,3171,0.0,1.0,0.0,0.0,Neutral,0.0
81,release,3163,0.0,1.0,0.0,0.0,Neutral,0.0
82,friday,3132,0.0,1.0,0.0,0.0,Neutral,0.0
83,top,3102,0.0,0.0,1.0,0.2023,Positive,1.0
84,leader,3101,0.0,1.0,0.0,0.0,Neutral,0.0
85,team,3056,0.0,1.0,0.0,0.0,Neutral,0.0
86,rate,3045,0.0,1.0,0.0,0.0,Neutral,0.0
87,job,3042,0.0,1.0,0.0,0.0,Neutral,0.0
88,set,3035,0.0,1.0,0.0,0.0,Neutral,0.0
89,love,3013,0.0,0.0,1.0,0.6369,Positive,1.0
90,rise,2986,0.0,1.0,0.0,0.0,Neutral,0.0
91,force,2958,0.0,1.0,0.0,0.0,Neutral,0.0
92,site,2953,0.0,1.0,0.0,0.0,Neutral,0.0
93,department,2951,0.0,1.0,0.0,0.0,Neutral,0.0
94,publish,2951,0.0,1.0,0.0,0.0,Neutral,0.0
95,ms,2951,0.0,1.0,0.0,0.0,Neutral,0.0
96,live,2927,0.0,1.0,0.0,0.0,Neutral,0.0
97,comment,2864,0.0,1.0,0.0,0.0,Neutral,0.0
98,pay,2863,1.0,0.0,0.0,-0.1027,Negative,-1.0
99,close,2857,0.0,1.0,0.0,0.0,Neutral,0.0
100,meet,2852,0.0,1.0,0.0,0.0,Neutral,0.0
101,play,2842,0.0,0.0,1.0,0.34,Positive,1.0
102,post,2838,0.0,1.0,0.0,0.0,Neutral,0.0
103,data,2790,0.0,1.0,0.0,0.0,Neutral,0.0
104,increase,2786,0.0,0.0,1.0,0.3182,Positive,1.0
105,medium,2758,0.0,1.0,0.0,0.0,Neutral,0.0
106,low,2751,1.0,0.0,0.0,-0.2732,Negative,-1.0
107,stock,2746,0.0,1.0,0.0,0.0,Neutral,0.0
108,story,2742,0.0,1.0,0.0,0.0,Neutral,0.0
109,lot,2734,0.0,1.0,0.0,0.0,Neutral,0.0
110,attack,2689,1.0,0.0,0.0,-0.4767,Negative,-1.0
111,john,2644,0.0,1.0,0.0,0.0,Neutral,0.0
112,communication,2627,0.0,1.0,0.0,0.0,Neutral,0.0
113,money,2606,0.0,1.0,0.0,0.0,Neutral,0.0
114,decision,2605,0.0,1.0,0.0,0.0,Neutral,0.0
115,power,2602,0.0,1.0,0.0,0.0,Neutral,0.0
116,win,2602,0.0,0.0,1.0,0.5859,Positive,1.0
117,north,2599,0.0,1.0,0.0,0.0,Neutral,0.0
118,committee,2598,0.0,1.0,0.0,0.0,Neutral,0.0
119,night,2598,0.0,1.0,0.0,0.0,Neutral,0.0
120,chief,2581,0.0,1.0,0.0,0.0,Neutral,0.0
121,donald,2563,0.0,1.0,0.0,0.0,Neutral,0.0
122,rule,2550,0.0,1.0,0.0,0.0,Neutral,0.0
123,feel,2547,0.0,1.0,0.0,0.0,Neutral,0.0
124,source,2532,0.0,1.0,0.0,0.0,Neutral,0.0
125,cut,2525,1.0,0.0,0.0,-0.2732,Negative,-1.0
126,remain,2522,0.0,1.0,0.0,0.0,Neutral,0.0
127,discussion,2509,0.0,1.0,0.0,0.0,Neutral,0.0
128,content,2505,0.0,1.0,0.0,0.0,Neutral,0.0
129,system,2487,0.0,1.0,0.0,0.0,Neutral,0.0
130,corp,2477,0.0,1.0,0.0,0.0,Neutral,0.0
131,war,2474,1.0,0.0,0.0,-0.5994,Negative,-1.0
132,economy,2441,0.0,1.0,0.0,0.0,Neutral,0.0
133,investigation,2434,0.0,1.0,0.0,0.0,Neutral,0.0
134,director,2431,0.0,1.0,0.0,0.0,Neutral,0.0
135,congress,2426,0.0,1.0,0.0,0.0,Neutral,0.0
136,capitol,2416,0.0,1.0,0.0,0.0,Neutral,0.0
137,add,2406,0.0,1.0,0.0,0.0,Neutral,0.0
138,speak,2405,0.0,1.0,0.0,0.0,Neutral,0.0
139,global,2399,0.0,1.0,0.0,0.0,Neutral,0.0
140,center,2383,0.0,1.0,0.0,0.0,Neutral,0.0
141,program,2382,0.0,1.0,0.0,0.0,Neutral,0.0
142,interview,2378,0.0,1.0,0.0,0.0,Neutral,0.0
143,claim,2375,0.0,1.0,0.0,0.0,Neutral,0.0
144,fund,2357,0.0,1.0,0.0,0.0,Neutral,0.0
145,bring,2345,0.0,1.0,0.0,0.0,Neutral,0.0
146,candidate,2343,0.0,1.0,0.0,0.0,Neutral,0.0
147,presidential,2342,0.0,1.0,0.0,0.0,Neutral,0.0
148,star,2339,0.0,1.0,0.0,0.0,Neutral,0.0
149,poll,2336,0.0,1.0,0.0,0.0,Neutral,0.0
150,offer,2334,0.0,1.0,0.0,0.0,Neutral,0.0
151,care,2330,0.0,0.0,1.0,0.4939,Positive,1.0
152,record,2319,0.0,1.0,0.0,0.0,Neutral,0.0
153,game,2317,0.0,1.0,0.0,0.0,Neutral,0.0
154,raise,2307,0.0,1.0,0.0,0.0,Neutral,0.0
155,financial,2306,0.0,1.0,0.0,0.0,Neutral,0.0
156,sign,2306,0.0,1.0,0.0,0.0,Neutral,0.0
157,happen,2288,0.0,1.0,0.0,0.0,Neutral,0.0
158,voter,2286,0.0,1.0,0.0,0.0,Neutral,0.0
159,charge,2281,0.0,1.0,0.0,0.0,Neutral,0.0
160,clinton,2274,0.0,1.0,0.0,0.0,Neutral,0.0
161,lose,2266,1.0,0.0,0.0,-0.4019,Negative,-1.0
162,hit,2259,0.0,1.0,0.0,0.0,Neutral,0.0
163,head,2247,0.0,1.0,0.0,0.0,Neutral,0.0
164,economic,2246,0.0,1.0,0.0,0.0,Neutral,0.0
165,return,2245,0.0,1.0,0.0,0.0,Neutral,0.0
166,effort,2228,0.0,1.0,0.0,0.0,Neutral,0.0
167,create,2196,0.0,0.0,1.0,0.2732,Positive,1.0
168,base,2194,0.0,1.0,0.0,0.0,Neutral,0.0
169,america,2187,0.0,1.0,0.0,0.0,Neutral,0.0
170,student,2161,0.0,1.0,0.0,0.0,Neutral,0.0
171,executive,2154,0.0,1.0,0.0,0.0,Neutral,0.0
172,grow,2152,0.0,1.0,0.0,0.0,Neutral,0.0
173,march,2142,0.0,1.0,0.0,0.0,Neutral,0.0
174,future,2137,0.0,1.0,0.0,0.0,Neutral,0.0
175,death,2130,1.0,0.0,0.0,-0.5994,Negative,-1.0
176,sale,2122,0.0,1.0,0.0,0.0,Neutral,0.0
177,morning,2121,0.0,1.0,0.0,0.0,Neutral,0.0
178,friend,2120,0.0,0.0,1.0,0.4939,Positive,1.0
179,control,2118,0.0,1.0,0.0,0.0,Neutral,0.0
180,obama,2118,0.0,1.0,0.0,0.0,Neutral,0.0
181,south,2104,0.0,1.0,0.0,0.0,Neutral,0.0
182,foreign,2096,0.0,1.0,0.0,0.0,Neutral,0.0
183,suite,2095,0.0,1.0,0.0,0.0,Neutral,0.0
184,university,2092,0.0,1.0,0.0,0.0,Neutral,0.0
185,subsidiary,2087,0.0,1.0,0.0,0.0,Neutral,0.0
186,international,2079,0.0,1.0,0.0,0.0,Neutral,0.0
187,action,2072,0.0,1.0,0.0,0.0,Neutral,0.0
188,nation,2067,0.0,1.0,0.0,0.0,Neutral,0.0
189,major,2062,0.0,1.0,0.0,0.0,Neutral,0.0
190,social,2058,0.0,1.0,0.0,0.0,Neutral,0.0
191,military,2058,0.0,1.0,0.0,0.0,Neutral,0.0
192,real,2044,0.0,1.0,0.0,0.0,Neutral,0.0
193,tel,2037,0.0,1.0,0.0,0.0,Neutral,0.0
194,level,2033,0.0,1.0,0.0,0.0,Neutral,0.0
195,concern,2031,0.0,1.0,0.0,0.0,Neutral,0.0
196,risk,2025,1.0,0.0,0.0,-0.2732,Negative,-1.0
197,provide,2022,0.0,1.0,0.0,0.0,Neutral,0.0
198,investor,2018,0.0,1.0,0.0,0.0,Neutral,0.0
199,justice,2016,0.0,0.0,1.0,0.5267,Positive,1.0
200,oil,2006,0.0,1.0,0.0,0.0,Neutral,0.0
201,fax,2004,0.0,1.0,0.0,0.0,Neutral,0.0
202,receive,1999,0.0,1.0,0.0,0.0,Neutral,0.0
203,kill,1993,1.0,0.0,0.0,-0.6908,Negative,-1.0
204,ago,1985,0.0,1.0,0.0,0.0,Neutral,0.0
205,thread,1983,0.0,1.0,0.0,0.0,Neutral,0.0
206,buy,1962,0.0,1.0,0.0,0.0,Neutral,0.0
207,tweet,1954,0.0,1.0,0.0,0.0,Neutral,0.0
208,book,1951,0.0,1.0,0.0,0.0,Neutral,0.0
209,fight,1944,1.0,0.0,0.0,-0.3818,Negative,-1.0
210,officer,1942,0.0,1.0,0.0,0.0,Neutral,0.0
211,black,1937,0.0,1.0,0.0,0.0,Neutral,0.0
212,cost,1937,0.0,1.0,0.0,0.0,Neutral,0.0
213,firm,1931,0.0,1.0,0.0,0.0,Neutral,0.0
214,press,1922,0.0,1.0,0.0,0.0,Neutral,0.0
215,community,1921,0.0,1.0,0.0,0.0,Neutral,0.0
216,fall,1916,0.0,1.0,0.0,0.0,Neutral,0.0
217,event,1916,0.0,1.0,0.0,0.0,Neutral,0.0
218,video,1912,0.0,1.0,0.0,0.0,Neutral,0.0
219,focus,1910,0.0,1.0,0.0,0.0,Neutral,0.0
220,growth,1901,0.0,0.0,1.0,0.3818,Positive,1.0
221,process,1899,0.0,1.0,0.0,0.0,Neutral,0.0
222,senator,1897,0.0,1.0,0.0,0.0,Neutral,0.0
223,agency,1894,0.0,1.0,0.0,0.0,Neutral,0.0
224,strong,1890,0.0,0.0,1.0,0.5106,Positive,1.0
225,step,1884,0.0,1.0,0.0,0.0,Neutral,0.0
226,race,1884,0.0,1.0,0.0,0.0,Neutral,0.0
227,industry,1880,0.0,1.0,0.0,0.0,Neutral,0.0
228,edit,1873,0.0,1.0,0.0,0.0,Neutral,0.0
229,hour,1867,0.0,1.0,0.0,0.0,Neutral,0.0
230,season,1867,0.0,1.0,0.0,0.0,Neutral,0.0
231,push,1866,0.0,1.0,0.0,0.0,Neutral,0.0
232,sunday,1854,0.0,1.0,0.0,0.0,Neutral,0.0
233,seek,1838,0.0,1.0,0.0,0.0,Neutral,0.0
234,russia,1837,0.0,1.0,0.0,0.0,Neutral,0.0
235,gop,1835,0.0,1.0,0.0,0.0,Neutral,0.0
236,bad,1833,1.0,0.0,0.0,-0.5423,Negative,-1.0
237,lawmaker,1831,0.0,1.0,0.0,0.0,Neutral,0.0
238,sander,1826,0.0,1.0,0.0,0.0,Neutral,0.0
239,sell,1816,0.0,1.0,0.0,0.0,Neutral,0.0
240,serve,1815,0.0,1.0,0.0,0.0,Neutral,0.0
241,reach,1812,0.0,0.0,1.0,0.0258,Positive,1.0
242,chinese,1811,0.0,1.0,0.0,0.0,Neutral,0.0
243,twitter,1802,0.0,1.0,0.0,0.0,Neutral,0.0
244,fire,1801,1.0,0.0,0.0,-0.34,Negative,-1.0
245,watch,1800,0.0,1.0,0.0,0.0,Neutral,0.0
246,hard,1793,1.0,0.0,0.0,-0.1027,Negative,-1.0
247,energy,1787,0.0,0.0,1.0,0.2732,Positive,1.0
248,read,1786,0.0,1.0,0.0,0.0,Neutral,0.0
249,list,1781,0.0,1.0,0.0,0.0,Neutral,0.0
250,biden,1780,0.0,1.0,0.0,0.0,Neutral,0.0
251,hand,1769,0.0,0.0,1.0,0.4939,Positive,1.0
252,study,1763,0.0,1.0,0.0,0.0,Neutral,0.0
253,food,1754,0.0,1.0,0.0,0.0,Neutral,0.0
254,person,1753,0.0,1.0,0.0,0.0,Neutral,0.0
255,stand,1744,0.0,1.0,0.0,0.0,Neutral,0.0
256,meeting,1743,0.0,1.0,0.0,0.0,Neutral,0.0
257,attorney,1737,0.0,1.0,0.0,0.0,Neutral,0.0
258,earlier,1722,0.0,1.0,0.0,0.0,Neutral,0.0
259,yearold,1716,0.0,1.0,0.0,0.0,Neutral,0.0
260,build,1706,0.0,1.0,0.0,0.0,Neutral,0.0
261,product,1704,0.0,1.0,0.0,0.0,Neutral,0.0
262,challenge,1703,0.0,0.0,1.0,0.0772,Positive,1.0
263,term,1696,0.0,1.0,0.0,0.0,Neutral,0.0
264,break,1690,0.0,1.0,0.0,0.0,Neutral,0.0
265,test,1690,0.0,1.0,0.0,0.0,Neutral,0.0
266,experience,1689,0.0,1.0,0.0,0.0,Neutral,0.0
267,facebook,1684,0.0,1.0,0.0,0.0,Neutral,0.0
268,local,1681,0.0,1.0,0.0,0.0,Neutral,0.0
269,border,1680,0.0,1.0,0.0,0.0,Neutral,0.0
270,air,1680,0.0,1.0,0.0,0.0,Neutral,0.0
271,european,1661,0.0,1.0,0.0,0.0,Neutral,0.0
272,late,1658,0.0,1.0,0.0,0.0,Neutral,0.0
273,matter,1649,0.0,0.0,1.0,0.0258,Positive,1.0
274,investment,1646,0.0,1.0,0.0,0.0,Neutral,0.0
275,role,1643,0.0,1.0,0.0,0.0,Neutral,0.0
276,dollar,1626,0.0,1.0,0.0,0.0,Neutral,0.0
277,mother,1621,0.0,1.0,0.0,0.0,Neutral,0.0
278,parent,1617,0.0,1.0,0.0,0.0,Neutral,0.0
279,debate,1611,0.0,1.0,0.0,0.0,Neutral,0.0
280,target,1610,0.0,1.0,0.0,0.0,Neutral,0.0
281,decline,1610,0.0,1.0,0.0,0.0,Neutral,0.0
282,judge,1607,0.0,1.0,0.0,0.0,Neutral,0.0
283,photo,1607,0.0,1.0,0.0,0.0,Neutral,0.0
284,history,1604,0.0,1.0,0.0,0.0,Neutral,0.0
285,film,1600,0.0,1.0,0.0,0.0,Neutral,0.0
286,june,1598,0.0,1.0,0.0,0.0,Neutral,0.0
287,analyst,1590,0.0,1.0,0.0,0.0,Neutral,0.0
288,minister,1589,0.0,1.0,0.0,0.0,Neutral,0.0
289,secretary,1589,0.0,1.0,0.0,0.0,Neutral,0.0
290,drug,1587,0.0,1.0,0.0,0.0,Neutral,0.0
291,wall,1576,0.0,1.0,0.0,0.0,Neutral,0.0
292,union,1571,0.0,1.0,0.0,0.0,Neutral,0.0
293,human,1565,0.0,1.0,0.0,0.0,Neutral,0.0
294,gun,1561,1.0,0.0,0.0,-0.34,Negative,-1.0
295,project,1548,0.0,1.0,0.0,0.0,Neutral,0.0
296,russian,1538,0.0,1.0,0.0,0.0,Neutral,0.0
297,technology,1536,0.0,1.0,0.0,0.0,Neutral,0.0
298,authority,1535,0.0,0.0,1.0,0.0772,Positive,1.0
299,korea,1534,0.0,1.0,0.0,0.0,Neutral,0.0
300,special,1529,0.0,0.0,1.0,0.4019,Positive,1.0
301,crime,1528,1.0,0.0,0.0,-0.5423,Negative,-1.0
302,defense,1517,0.0,0.0,1.0,0.128,Positive,1.0
303,address,1516,0.0,1.0,0.0,0.0,Neutral,0.0
304,central,1515,0.0,1.0,0.0,0.0,Neutral,0.0
305,spend,1513,0.0,1.0,0.0,0.0,Neutral,0.0
306,key,1512,0.0,1.0,0.0,0.0,Neutral,0.0
307,demand,1512,1.0,0.0,0.0,-0.128,Negative,-1.0
308,son,1511,0.0,1.0,0.0,0.0,Neutral,0.0
309,reason,1506,0.0,1.0,0.0,0.0,Neutral,0.0
310,daughter,1504,0.0,1.0,0.0,0.0,Neutral,0.0
311,water,1498,0.0,1.0,0.0,0.0,Neutral,0.0
312,decade,1495,0.0,1.0,0.0,0.0,Neutral,0.0
313,potential,1495,0.0,1.0,0.0,0.0,Neutral,0.0
314,conservative,1487,0.0,1.0,0.0,0.0,Neutral,0.0
315,car,1483,0.0,1.0,0.0,0.0,Neutral,0.0
316,series,1483,0.0,1.0,0.0,0.0,Neutral,0.0
317,visit,1478,0.0,1.0,0.0,0.0,Neutral,0.0
318,account,1472,0.0,1.0,0.0,0.0,Neutral,0.0
319,stay,1471,0.0,1.0,0.0,0.0,Neutral,0.0
320,travel,1468,0.0,1.0,0.0,0.0,Neutral,0.0
321,note,1467,0.0,1.0,0.0,0.0,Neutral,0.0
322,die,1465,1.0,0.0,0.0,-0.5994,Negative,-1.0
323,private,1464,0.0,1.0,0.0,0.0,Neutral,0.0
324,position,1462,0.0,1.0,0.0,0.0,Neutral,0.0
325,join,1456,0.0,0.0,1.0,0.296,Positive,1.0
326,reporter,1453,0.0,1.0,0.0,0.0,Neutral,0.0
327,de,1450,0.0,1.0,0.0,0.0,Neutral,0.0
328,board,1448,0.0,1.0,0.0,0.0,Neutral,0.0
329,pass,1446,0.0,1.0,0.0,0.0,Neutral,0.0
330,worker,1444,0.0,1.0,0.0,0.0,Neutral,0.0
331,idea,1444,0.0,1.0,0.0,0.0,Neutral,0.0
332,senior,1442,0.0,1.0,0.0,0.0,Neutral,0.0
333,legal,1440,0.0,0.0,1.0,0.128,Positive,1.0
334,moment,1437,0.0,1.0,0.0,0.0,Neutral,0.0
335,california,1434,0.0,1.0,0.0,0.0,Neutral,0.0
336,require,1431,0.0,1.0,0.0,0.0,Neutral,0.0
337,free,1431,0.0,0.0,1.0,0.5106,Positive,1.0
338,gain,1430,0.0,0.0,1.0,0.5267,Positive,1.0
339,july,1428,0.0,1.0,0.0,0.0,Neutral,0.0
340,respond,1425,0.0,1.0,0.0,0.0,Neutral,0.0
341,current,1424,0.0,1.0,0.0,0.0,Neutral,0.0
342,mark,1423,0.0,1.0,0.0,0.0,Neutral,0.0
343,lawyer,1418,0.0,1.0,0.0,0.0,Neutral,0.0
344,quarter,1416,0.0,1.0,0.0,0.0,Neutral,0.0
345,learn,1413,0.0,1.0,0.0,0.0,Neutral,0.0
346,organization,1406,0.0,1.0,0.0,0.0,Neutral,0.0
347,drop,1402,1.0,0.0,0.0,-0.2732,Negative,-1.0
348,relationship,1399,0.0,1.0,0.0,0.0,Neutral,0.0
349,agree,1394,0.0,0.0,1.0,0.3612,Positive,1.0
350,employee,1394,0.0,1.0,0.0,0.0,Neutral,0.0
351,father,1394,0.0,1.0,0.0,0.0,Neutral,0.0
352,couple,1393,0.0,1.0,0.0,0.0,Neutral,0.0
353,request,1391,0.0,1.0,0.0,0.0,Neutral,0.0
354,letter,1390,0.0,1.0,0.0,0.0,Neutral,0.0
355,district,1390,0.0,1.0,0.0,0.0,Neutral,0.0
356,drive,1388,0.0,1.0,0.0,0.0,Neutral,0.0
357,primary,1388,0.0,1.0,0.0,0.0,Neutral,0.0
358,majority,1385,0.0,1.0,0.0,0.0,Neutral,0.0
359,intelligence,1384,0.0,0.0,1.0,0.4767,Positive,1.0
360,body,1384,0.0,1.0,0.0,0.0,Neutral,0.0
361,hear,1382,0.0,1.0,0.0,0.0,Neutral,0.0
362,half,1376,0.0,1.0,0.0,0.0,Neutral,0.0
363,forward,1374,0.0,1.0,0.0,0.0,Neutral,0.0
364,response,1365,0.0,1.0,0.0,0.0,Neutral,0.0
365,coverage,1350,0.0,1.0,0.0,0.0,Neutral,0.0
366,art,1348,0.0,1.0,0.0,0.0,Neutral,0.0
367,detail,1347,0.0,1.0,0.0,0.0,Neutral,0.0
368,hope,1347,0.0,0.0,1.0,0.4404,Positive,1.0
369,saturday,1338,0.0,1.0,0.0,0.0,Neutral,0.0
370,agreement,1333,0.0,0.0,1.0,0.4939,Positive,1.0
371,vice,1332,0.0,1.0,0.0,0.0,Neutral,0.0
372,age,1330,0.0,1.0,0.0,0.0,Neutral,0.0
373,decide,1328,0.0,1.0,0.0,0.0,Neutral,0.0
374,review,1325,0.0,1.0,0.0,0.0,Neutral,0.0
375,impact,1321,0.0,1.0,0.0,0.0,Neutral,0.0
376,measure,1319,0.0,1.0,0.0,0.0,Neutral,0.0
377,consumer,1318,0.0,1.0,0.0,0.0,Neutral,0.0
378,opportunity,1316,0.0,0.0,1.0,0.4215,Positive,1.0
379,ban,1300,1.0,0.0,0.0,-0.5574,Negative,-1.0
380,staff,1299,0.0,1.0,0.0,0.0,Neutral,0.0
381,warn,1297,1.0,0.0,0.0,-0.1027,Negative,-1.0
382,iran,1295,0.0,1.0,0.0,0.0,Neutral,0.0
383,ahead,1288,0.0,1.0,0.0,0.0,Neutral,0.0
384,capital,1284,0.0,1.0,0.0,0.0,Neutral,0.0
385,protect,1282,0.0,0.0,1.0,0.3818,Positive,1.0
386,reform,1280,0.0,1.0,0.0,0.0,Neutral,0.0
387,april,1279,0.0,1.0,0.0,0.0,Neutral,0.0
388,involve,1278,0.0,1.0,0.0,0.0,Neutral,0.0
389,message,1278,0.0,1.0,0.0,0.0,Neutral,0.0
390,revenue,1274,0.0,1.0,0.0,0.0,Neutral,0.0
391,impeachment,1274,0.0,1.0,0.0,0.0,Neutral,0.0
392,confirm,1269,0.0,1.0,0.0,0.0,Neutral,0.0
393,college,1266,0.0,1.0,0.0,0.0,Neutral,0.0
394,phone,1260,0.0,1.0,0.0,0.0,Neutral,0.0
395,email,1259,0.0,1.0,0.0,0.0,Neutral,0.0
396,crisis,1248,1.0,0.0,0.0,-0.6249,Negative,-1.0
397,threat,1248,1.0,0.0,0.0,-0.5267,Negative,-1.0
398,trial,1245,0.0,1.0,0.0,0.0,Neutral,0.0
399,loss,1245,1.0,0.0,0.0,-0.3182,Negative,-1.0
400,host,1242,0.0,1.0,0.0,0.0,Neutral,0.0
401,argue,1238,1.0,0.0,0.0,-0.34,Negative,-1.0
402,county,1237,0.0,1.0,0.0,0.0,Neutral,0.0
403,player,1236,0.0,1.0,0.0,0.0,Neutral,0.0
404,kid,1236,0.0,1.0,0.0,0.0,Neutral,0.0
405,fear,1231,1.0,0.0,0.0,-0.4939,Negative,-1.0
406,launch,1231,0.0,1.0,0.0,0.0,Neutral,0.0
407,store,1230,0.0,1.0,0.0,0.0,Neutral,0.0
408,fail,1229,1.0,0.0,0.0,-0.5423,Negative,-1.0
409,dr,1208,0.0,1.0,0.0,0.0,Neutral,0.0
410,david,1207,0.0,1.0,0.0,0.0,Neutral,0.0
411,west,1207,0.0,1.0,0.0,0.0,Neutral,0.0
412,express,1207,0.0,1.0,0.0,0.0,Neutral,0.0
413,average,1206,0.0,1.0,0.0,0.0,Neutral,0.0
414,short,1203,0.0,1.0,0.0,0.0,Neutral,0.0
415,chairman,1202,0.0,1.0,0.0,0.0,Neutral,0.0
416,pressure,1201,1.0,0.0,0.0,-0.296,Negative,-1.0
417,music,1200,0.0,1.0,0.0,0.0,Neutral,0.0
418,sexual,1199,0.0,1.0,0.0,0.0,Neutral,0.0
419,january,1198,0.0,1.0,0.0,0.0,Neutral,0.0
420,evidence,1197,0.0,1.0,0.0,0.0,Neutral,0.0
421,accuse,1192,1.0,0.0,0.0,-0.2023,Negative,-1.0
422,online,1189,0.0,1.0,0.0,0.0,Neutral,0.0
423,access,1186,0.0,1.0,0.0,0.0,Neutral,0.0
424,walk,1186,0.0,1.0,0.0,0.0,Neutral,0.0
425,benefit,1184,0.0,0.0,1.0,0.4588,Positive,1.0
426,production,1182,0.0,1.0,0.0,0.0,Neutral,0.0
427,warren,1179,0.0,1.0,0.0,0.0,Neutral,0.0
428,michael,1176,0.0,1.0,0.0,0.0,Neutral,0.0
429,fan,1175,0.0,0.0,1.0,0.3182,Positive,1.0
430,follow,1174,0.0,1.0,0.0,0.0,Neutral,0.0
431,london,1173,0.0,1.0,0.0,0.0,Neutral,0.0
432,ceo,1173,0.0,1.0,0.0,0.0,Neutral,0.0
433,girl,1170,0.0,1.0,0.0,0.0,Neutral,0.0
434,conference,1169,0.0,1.0,0.0,0.0,Neutral,0.0
435,minute,1166,0.0,1.0,0.0,0.0,Neutral,0.0
436,baby,1161,0.0,1.0,0.0,0.0,Neutral,0.0
437,fell,1154,0.0,1.0,0.0,0.0,Neutral,0.0
438,space,1152,0.0,1.0,0.0,0.0,Neutral,0.0
439,park,1151,0.0,1.0,0.0,0.0,Neutral,0.0
440,accord,1148,0.0,1.0,0.0,0.0,Neutral,0.0
441,document,1146,0.0,1.0,0.0,0.0,Neutral,0.0
442,cover,1146,0.0,1.0,0.0,0.0,Neutral,0.0
443,medical,1143,0.0,1.0,0.0,0.0,Neutral,0.0
444,final,1143,0.0,1.0,0.0,0.0,Neutral,0.0
445,texas,1143,0.0,1.0,0.0,0.0,Neutral,0.0
446,contribute,1134,0.0,1.0,0.0,0.0,Neutral,0.0
447,pm,1134,0.0,1.0,0.0,0.0,Neutral,0.0
448,december,1133,0.0,1.0,0.0,0.0,Neutral,0.0
449,florida,1129,0.0,1.0,0.0,0.0,Neutral,0.0
450,credit,1118,0.0,0.0,1.0,0.3818,Positive,1.0
451,explain,1115,0.0,1.0,0.0,0.0,Neutral,0.0
452,individual,1114,0.0,1.0,0.0,0.0,Neutral,0.0
453,period,1113,0.0,1.0,0.0,0.0,Neutral,0.0
454,partner,1112,0.0,1.0,0.0,0.0,Neutral,0.0
455,pick,1110,0.0,1.0,0.0,0.0,Neutral,0.0
456,climate,1107,0.0,1.0,0.0,0.0,Neutral,0.0
457,estimate,1104,0.0,1.0,0.0,0.0,Neutral,0.0
458,carry,1100,0.0,1.0,0.0,0.0,Neutral,0.0
459,article,1100,0.0,1.0,0.0,0.0,Neutral,0.0
460,represent,1099,0.0,1.0,0.0,0.0,Neutral,0.0
461,personal,1096,0.0,1.0,0.0,0.0,Neutral,0.0
462,hospital,1092,0.0,1.0,0.0,0.0,Neutral,0.0
463,coronavirus,1091,0.0,1.0,0.0,0.0,Neutral,0.0
464,total,1086,0.0,1.0,0.0,0.0,Neutral,0.0
465,figure,1084,0.0,1.0,0.0,0.0,Neutral,0.0
466,wife,1074,0.0,1.0,0.0,0.0,Neutral,0.0
467,instagram,1070,0.0,1.0,0.0,0.0,Neutral,0.0
468,chance,1069,0.0,0.0,1.0,0.25,Positive,1.0
469,customer,1069,0.0,1.0,0.0,0.0,Neutral,0.0
470,feature,1069,0.0,1.0,0.0,0.0,Neutral,0.0
471,nominee,1069,0.0,1.0,0.0,0.0,Neutral,0.0
472,approach,1068,0.0,1.0,0.0,0.0,Neutral,0.0
473,rep,1068,0.0,1.0,0.0,0.0,Neutral,0.0
474,nuclear,1067,0.0,1.0,0.0,0.0,Neutral,0.0
475,form,1066,0.0,1.0,0.0,0.0,Neutral,0.0
476,attempt,1064,0.0,1.0,0.0,0.0,Neutral,0.0
477,patient,1061,0.0,1.0,0.0,0.0,Neutral,0.0
478,movie,1060,0.0,1.0,0.0,0.0,Neutral,0.0
479,file,1059,0.0,1.0,0.0,0.0,Neutral,0.0
480,wear,1059,0.0,1.0,0.0,0.0,Neutral,0.0
481,bond,1058,0.0,1.0,0.0,0.0,Neutral,0.0
482,budget,1057,0.0,1.0,0.0,0.0,Neutral,0.0
483,red,1057,0.0,1.0,0.0,0.0,Neutral,0.0
484,november,1055,0.0,1.0,0.0,0.0,Neutral,0.0
485,exchange,1051,0.0,1.0,0.0,0.0,Neutral,0.0
486,sit,1051,0.0,1.0,0.0,0.0,Neutral,0.0
487,field,1050,0.0,1.0,0.0,0.0,Neutral,0.0
488,brand,1048,0.0,1.0,0.0,0.0,Neutral,0.0
489,strike,1045,1.0,0.0,0.0,-0.128,Negative,-1.0
490,develop,1038,0.0,1.0,0.0,0.0,Neutral,0.0
491,shot,1037,0.0,1.0,0.0,0.0,Neutral,0.0
492,immigration,1037,0.0,1.0,0.0,0.0,Neutral,0.0
493,fbi,1032,0.0,1.0,0.0,0.0,Neutral,0.0
494,arrest,1030,1.0,0.0,0.0,-0.34,Negative,-1.0
495,situation,1028,0.0,1.0,0.0,0.0,Neutral,0.0
496,politics,1028,0.0,1.0,0.0,0.0,Neutral,0.0
497,condition,1027,0.0,1.0,0.0,0.0,Neutral,0.0
498,design,1025,0.0,1.0,0.0,0.0,Neutral,0.0
499,network,1024,0.0,1.0,0.0,0.0,Neutral,0.0
500,understand,1024,0.0,1.0,0.0,0.0,Neutral,0.0
501,reduce,1022,0.0,1.0,0.0,0.0,Neutral,0.0
502,seat,1020,0.0,1.0,0.0,0.0,Neutral,0.0
503,profit,1019,0.0,0.0,1.0,0.4404,Positive,1.0
504,career,1014,0.0,1.0,0.0,0.0,Neutral,0.0
505,arm,1013,0.0,1.0,0.0,0.0,Neutral,0.0
506,single,1013,0.0,1.0,0.0,0.0,Neutral,0.0
507,model,1011,0.0,1.0,0.0,0.0,Neutral,0.0
508,mexico,1010,0.0,1.0,0.0,0.0,Neutral,0.0
509,opinion,1008,0.0,1.0,0.0,0.0,Neutral,0.0
510,goal,1008,0.0,1.0,0.0,0.0,Neutral,0.0
511,region,1007,0.0,1.0,0.0,0.0,Neutral,0.0
512,worry,1006,1.0,0.0,0.0,-0.4404,Negative,-1.0
513,additional,1005,0.0,1.0,0.0,0.0,Neutral,0.0
514,true,1003,0.0,0.0,1.0,0.4215,Positive,1.0
515,la,1002,0.0,1.0,0.0,0.0,Neutral,0.0
516,british,1001,0.0,1.0,0.0,0.0,Neutral,0.0
517,development,999,0.0,1.0,0.0,0.0,Neutral,0.0
518,heart,998,0.0,1.0,0.0,0.0,Neutral,0.0
519,ally,996,0.0,1.0,0.0,0.0,Neutral,0.0
520,mueller,995,0.0,1.0,0.0,0.0,Neutral,0.0
521,wait,995,0.0,1.0,0.0,0.0,Neutral,0.0
522,protest,995,1.0,0.0,0.0,-0.25,Negative,-1.0
523,expert,994,0.0,1.0,0.0,0.0,Neutral,0.0
524,conduct,993,0.0,1.0,0.0,0.0,Neutral,0.0
525,adviser,993,0.0,1.0,0.0,0.0,Neutral,0.0
526,manager,990,0.0,1.0,0.0,0.0,Neutral,0.0
527,allegation,990,0.0,1.0,0.0,0.0,Neutral,0.0
528,tie,990,0.0,1.0,0.0,0.0,Neutral,0.0
529,struggle,988,1.0,0.0,0.0,-0.3182,Negative,-1.0
530,promise,986,0.0,0.0,1.0,0.3182,Positive,1.0
531,europe,983,0.0,1.0,0.0,0.0,Neutral,0.0
532,apple,981,0.0,1.0,0.0,0.0,Neutral,0.0
533,republicans,981,0.0,1.0,0.0,0.0,Neutral,0.0
534,prime,978,0.0,1.0,0.0,0.0,Neutral,0.0
535,result,978,0.0,1.0,0.0,0.0,Neutral,0.0
536,victim,978,1.0,0.0,0.0,-0.2732,Negative,-1.0
537,operation,977,0.0,1.0,0.0,0.0,Neutral,0.0
538,speech,976,0.0,1.0,0.0,0.0,Neutral,0.0
539,deny,972,1.0,0.0,0.0,-0.34,Negative,-1.0
540,rally,972,0.0,1.0,0.0,0.0,Neutral,0.0
541,happy,972,0.0,0.0,1.0,0.5719,Positive,1.0
542,criminal,971,1.0,0.0,0.0,-0.5267,Negative,-1.0
543,light,969,0.0,1.0,0.0,0.0,Neutral,0.0
544,ad,967,0.0,1.0,0.0,0.0,Neutral,0.0
545,september,967,0.0,1.0,0.0,0.0,Neutral,0.0
546,hop,961,0.0,1.0,0.0,0.0,Neutral,0.0
547,october,961,0.0,1.0,0.0,0.0,Neutral,0.0
548,strategy,958,0.0,1.0,0.0,0.0,Neutral,0.0
549,prosecutor,957,0.0,1.0,0.0,0.0,Neutral,0.0
550,husband,955,0.0,1.0,0.0,0.0,Neutral,0.0
551,draw,954,0.0,1.0,0.0,0.0,Neutral,0.0
552,town,953,0.0,1.0,0.0,0.0,Neutral,0.0
553,earnings,951,0.0,1.0,0.0,0.0,Neutral,0.0
554,spending,951,0.0,1.0,0.0,0.0,Neutral,0.0
555,bear,950,0.0,1.0,0.0,0.0,Neutral,0.0
556,check,950,0.0,1.0,0.0,0.0,Neutral,0.0
557,violence,948,1.0,0.0,0.0,-0.6249,Negative,-1.0
558,governor,948,0.0,1.0,0.0,0.0,Neutral,0.0
559,reveal,947,0.0,1.0,0.0,0.0,Neutral,0.0
560,compare,944,0.0,1.0,0.0,0.0,Neutral,0.0
561,limit,942,0.0,1.0,0.0,0.0,Neutral,0.0
562,answer,941,0.0,1.0,0.0,0.0,Neutral,0.0
563,los,940,0.0,1.0,0.0,0.0,Neutral,0.0
564,debt,938,1.0,0.0,0.0,-0.3612,Negative,-1.0
565,aid,938,0.0,1.0,0.0,0.0,Neutral,0.0
566,building,937,0.0,1.0,0.0,0.0,Neutral,0.0
567,conversation,935,0.0,1.0,0.0,0.0,Neutral,0.0
568,trip,934,0.0,1.0,0.0,0.0,Neutral,0.0
569,saudi,933,0.0,1.0,0.0,0.0,Neutral,0.0
570,robert,931,0.0,1.0,0.0,0.0,Neutral,0.0
571,land,931,0.0,1.0,0.0,0.0,Neutral,0.0
572,february,930,0.0,1.0,0.0,0.0,Neutral,0.0
573,tariff,929,0.0,1.0,0.0,0.0,Neutral,0.0
574,shoot,927,1.0,0.0,0.0,-0.34,Negative,-1.0
575,front,925,0.0,1.0,0.0,0.0,Neutral,0.0
576,previous,923,0.0,1.0,0.0,0.0,Neutral,0.0
577,middle,923,0.0,1.0,0.0,0.0,Neutral,0.0
578,supply,919,0.0,1.0,0.0,0.0,Neutral,0.0
579,block,919,1.0,0.0,0.0,-0.4404,Negative,-1.0
580,easy,918,0.0,0.0,1.0,0.4404,Positive,1.0
581,sense,918,0.0,1.0,0.0,0.0,Neutral,0.0
582,artist,915,0.0,1.0,0.0,0.0,Neutral,0.0
583,asset,914,0.0,0.0,1.0,0.3612,Positive,1.0
584,google,910,0.0,1.0,0.0,0.0,Neutral,0.0
585,hillary,909,0.0,1.0,0.0,0.0,Neutral,0.0
586,difficult,908,1.0,0.0,0.0,-0.3612,Negative,-1.0
587,cite,907,0.0,1.0,0.0,0.0,Neutral,0.0
588,produce,906,0.0,1.0,0.0,0.0,Neutral,0.0
589,movement,904,0.0,1.0,0.0,0.0,Neutral,0.0
590,ground,903,0.0,1.0,0.0,0.0,Neutral,0.0
591,management,902,0.0,1.0,0.0,0.0,Neutral,0.0
592,eye,902,0.0,1.0,0.0,0.0,Neutral,0.0
593,simply,902,0.0,1.0,0.0,0.0,Neutral,0.0
594,pull,901,0.0,1.0,0.0,0.0,Neutral,0.0
595,commission,901,0.0,1.0,0.0,0.0,Neutral,0.0
596,remove,900,0.0,1.0,0.0,0.0,Neutral,0.0
597,amount,900,0.0,1.0,0.0,0.0,Neutral,0.0
598,sector,895,0.0,1.0,0.0,0.0,Neutral,0.0
599,deliver,895,0.0,1.0,0.0,0.0,Neutral,0.0
600,supreme,894,0.0,0.0,1.0,0.5574,Positive,1.0
601,joe,894,0.0,1.0,0.0,0.0,Neutral,0.0
602,island,892,0.0,1.0,0.0,0.0,Neutral,0.0
603,award,891,0.0,0.0,1.0,0.5423,Positive,1.0
604,gas,891,0.0,1.0,0.0,0.0,Neutral,0.0
605,track,891,0.0,1.0,0.0,0.0,Neutral,0.0
606,battle,890,1.0,0.0,0.0,-0.3818,Negative,-1.0
607,legislation,889,0.0,1.0,0.0,0.0,Neutral,0.0
608,proposal,887,0.0,1.0,0.0,0.0,Neutral,0.0
609,summer,886,0.0,1.0,0.0,0.0,Neutral,0.0
610,yield,886,0.0,1.0,0.0,0.0,Neutral,0.0
611,guy,883,0.0,1.0,0.0,0.0,Neutral,0.0
612,flight,883,0.0,1.0,0.0,0.0,Neutral,0.0
613,recession,882,1.0,0.0,0.0,-0.4215,Negative,-1.0
614,weekend,882,0.0,1.0,0.0,0.0,Neutral,0.0
615,east,878,0.0,1.0,0.0,0.0,Neutral,0.0
616,save,878,0.0,0.0,1.0,0.4939,Positive,1.0
617,direct,878,0.0,1.0,0.0,0.0,Neutral,0.0
618,james,877,0.0,1.0,0.0,0.0,Neutral,0.0
619,representative,874,0.0,1.0,0.0,0.0,Neutral,0.0
620,johnson,874,0.0,1.0,0.0,0.0,Neutral,0.0
621,session,874,0.0,1.0,0.0,0.0,Neutral,0.0
622,activity,874,0.0,1.0,0.0,0.0,Neutral,0.0
623,send,872,0.0,1.0,0.0,0.0,Neutral,0.0
624,daily,869,0.0,1.0,0.0,0.0,Neutral,0.0
625,amazon,867,0.0,0.0,1.0,0.1779,Positive,1.0
626,safety,865,0.0,0.0,1.0,0.4215,Positive,1.0
627,august,864,0.0,1.0,0.0,0.0,Neutral,0.0
628,enter,864,0.0,1.0,0.0,0.0,Neutral,0.0
629,piece,864,0.0,1.0,0.0,0.0,Neutral,0.0
630,performance,863,0.0,1.0,0.0,0.0,Neutral,0.0
631,determine,861,0.0,1.0,0.0,0.0,Neutral,0.0
632,rating,861,0.0,1.0,0.0,0.0,Neutral,0.0
633,tech,859,0.0,1.0,0.0,0.0,Neutral,0.0
634,san,857,0.0,1.0,0.0,0.0,Neutral,0.0
635,option,856,0.0,1.0,0.0,0.0,Neutral,0.0
636,choose,855,0.0,1.0,0.0,0.0,Neutral,0.0
637,doctor,855,0.0,1.0,0.0,0.0,Neutral,0.0
638,supporter,850,0.0,0.0,1.0,0.2732,Positive,1.0
639,amid,847,0.0,1.0,0.0,0.0,Neutral,0.0
640,finance,846,0.0,1.0,0.0,0.0,Neutral,0.0
641,spokesman,844,0.0,1.0,0.0,0.0,Neutral,0.0
642,nomination,842,0.0,1.0,0.0,0.0,Neutral,0.0
643,leadership,840,0.0,1.0,0.0,0.0,Neutral,0.0
644,assault,840,1.0,0.0,0.0,-0.5859,Negative,-1.0
645,weapon,840,1.0,0.0,0.0,-0.296,Negative,-1.0
646,disease,839,0.0,1.0,0.0,0.0,Neutral,0.0
647,vehicle,839,0.0,1.0,0.0,0.0,Neutral,0.0
648,reality,839,0.0,1.0,0.0,0.0,Neutral,0.0
649,sanction,839,0.0,1.0,0.0,0.0,Neutral,0.0
650,practice,837,0.0,1.0,0.0,0.0,Neutral,0.0
651,multiple,837,0.0,1.0,0.0,0.0,Neutral,0.0
652,congressional,834,0.0,1.0,0.0,0.0,Neutral,0.0
653,schedule,834,0.0,1.0,0.0,0.0,Neutral,0.0
654,image,832,0.0,1.0,0.0,0.0,Neutral,0.0
655,euro,831,0.0,1.0,0.0,0.0,Neutral,0.0
656,hong,830,0.0,1.0,0.0,0.0,Neutral,0.0
657,paul,828,0.0,1.0,0.0,0.0,Neutral,0.0
658,range,827,0.0,1.0,0.0,0.0,Neutral,0.0
659,britain,827,0.0,1.0,0.0,0.0,Neutral,0.0
660,choice,827,0.0,1.0,0.0,0.0,Neutral,0.0
661,text,825,0.0,1.0,0.0,0.0,Neutral,0.0
662,standard,825,0.0,1.0,0.0,0.0,Neutral,0.0
663,author,823,0.0,1.0,0.0,0.0,Neutral,0.0
664,stage,823,0.0,1.0,0.0,0.0,Neutral,0.0
665,expand,822,0.0,0.0,1.0,0.3182,Positive,1.0
666,avoid,822,1.0,0.0,0.0,-0.296,Negative,-1.0
667,japan,822,0.0,1.0,0.0,0.0,Neutral,0.0
668,citizen,821,0.0,1.0,0.0,0.0,Neutral,0.0
669,character,821,0.0,1.0,0.0,0.0,Neutral,0.0
670,mom,819,0.0,1.0,0.0,0.0,Neutral,0.0
671,refer,816,0.0,1.0,0.0,0.0,Neutral,0.0
672,immigrant,816,0.0,1.0,0.0,0.0,Neutral,0.0
673,syria,815,0.0,1.0,0.0,0.0,Neutral,0.0
674,picture,813,0.0,1.0,0.0,0.0,Neutral,0.0
675,user,813,0.0,1.0,0.0,0.0,Neutral,0.0
676,lack,812,1.0,0.0,0.0,-0.3182,Negative,-1.0
677,version,810,0.0,1.0,0.0,0.0,Neutral,0.0
678,professor,810,0.0,1.0,0.0,0.0,Neutral,0.0
679,improve,808,0.0,0.0,1.0,0.4404,Positive,1.0
680,gold,808,0.0,1.0,0.0,0.0,Neutral,0.0
681,cash,807,0.0,1.0,0.0,0.0,Neutral,0.0
682,protection,806,0.0,1.0,0.0,0.0,Neutral,0.0
683,prevent,805,0.0,0.0,1.0,0.0258,Positive,1.0
684,attention,805,0.0,1.0,0.0,0.0,Neutral,0.0
685,defend,804,0.0,1.0,0.0,0.0,Neutral,0.0
686,kong,803,0.0,1.0,0.0,0.0,Neutral,0.0
687,property,803,0.0,1.0,0.0,0.0,Neutral,0.0
688,george,802,0.0,1.0,0.0,0.0,Neutral,0.0
689,education,801,0.0,1.0,0.0,0.0,Neutral,0.0
690,identify,801,0.0,1.0,0.0,0.0,Neutral,0.0
691,surprise,801,0.0,0.0,1.0,0.2732,Positive,1.0
692,korean,801,0.0,1.0,0.0,0.0,Neutral,0.0
693,wrong,800,1.0,0.0,0.0,-0.4767,Negative,-1.0
694,rest,800,0.0,1.0,0.0,0.0,Neutral,0.0
695,class,797,0.0,1.0,0.0,0.0,Neutral,0.0
696,sport,796,0.0,1.0,0.0,0.0,Neutral,0.0
697,mind,794,0.0,1.0,0.0,0.0,Neutral,0.0
698,brown,793,0.0,1.0,0.0,0.0,Neutral,0.0
699,spread,791,0.0,1.0,0.0,0.0,Neutral,0.0
700,tv,791,0.0,1.0,0.0,0.0,Neutral,0.0
701,propose,791,0.0,1.0,0.0,0.0,Neutral,0.0
702,abuse,789,1.0,0.0,0.0,-0.6369,Negative,-1.0
703,kim,789,0.0,1.0,0.0,0.0,Neutral,0.0
704,restaurant,789,0.0,1.0,0.0,0.0,Neutral,0.0
705,net,788,0.0,1.0,0.0,0.0,Neutral,0.0
706,currency,788,0.0,1.0,0.0,0.0,Neutral,0.0
707,critic,788,1.0,0.0,0.0,-0.2732,Negative,-1.0
708,inside,786,0.0,1.0,0.0,0.0,Neutral,0.0
709,actor,785,0.0,1.0,0.0,0.0,Neutral,0.0
710,score,783,0.0,1.0,0.0,0.0,Neutral,0.0
711,shift,782,0.0,1.0,0.0,0.0,Neutral,0.0
712,appeal,781,0.0,1.0,0.0,0.0,Neutral,0.0
713,slow,780,0.0,1.0,0.0,0.0,Neutral,0.0
714,airline,780,0.0,1.0,0.0,0.0,Neutral,0.0
715,voice,780,0.0,1.0,0.0,0.0,Neutral,0.0
716,remember,779,0.0,1.0,0.0,0.0,Neutral,0.0
717,website,778,0.0,1.0,0.0,0.0,Neutral,0.0
718,civil,778,0.0,1.0,0.0,0.0,Neutral,0.0
719,popular,778,0.0,0.0,1.0,0.4215,Positive,1.0
720,lawsuit,777,1.0,0.0,0.0,-0.2263,Negative,-1.0
721,labor,774,0.0,1.0,0.0,0.0,Neutral,0.0
722,positive,773,0.0,0.0,1.0,0.5574,Positive,1.0
723,producer,772,0.0,1.0,0.0,0.0,Neutral,0.0
724,worth,772,0.0,0.0,1.0,0.2263,Positive,1.0
725,annual,771,0.0,1.0,0.0,0.0,Neutral,0.0
726,search,771,0.0,1.0,0.0,0.0,Neutral,0.0
727,update,769,0.0,1.0,0.0,0.0,Neutral,0.0
728,plant,769,0.0,1.0,0.0,0.0,Neutral,0.0
729,association,768,0.0,1.0,0.0,0.0,Neutral,0.0
730,song,767,0.0,1.0,0.0,0.0,Neutral,0.0
731,criticize,767,1.0,0.0,0.0,-0.3818,Negative,-1.0
732,angeles,767,0.0,1.0,0.0,0.0,Neutral,0.0
733,insurance,766,0.0,1.0,0.0,0.0,Neutral,0.0
734,aim,766,0.0,1.0,0.0,0.0,Neutral,0.0
735,manage,765,0.0,1.0,0.0,0.0,Neutral,0.0
736,allege,764,0.0,1.0,0.0,0.0,Neutral,0.0
737,trumpdonald,763,0.0,1.0,0.0,0.0,Neutral,0.0
738,resident,761,0.0,1.0,0.0,0.0,Neutral,0.0
739,income,759,0.0,1.0,0.0,0.0,Neutral,0.0
740,israel,759,0.0,1.0,0.0,0.0,Neutral,0.0
741,witness,759,0.0,1.0,0.0,0.0,Neutral,0.0
742,mile,758,0.0,1.0,0.0,0.0,Neutral,0.0
743,operate,757,0.0,1.0,0.0,0.0,Neutral,0.0
744,incident,757,0.0,1.0,0.0,0.0,Neutral,0.0
745,http,757,0.0,1.0,0.0,0.0,Neutral,0.0
746,contract,755,0.0,1.0,0.0,0.0,Neutral,0.0
747,owner,755,0.0,1.0,0.0,0.0,Neutral,0.0
748,victory,755,0.0,1.0,0.0,0.0,Neutral,0.0
749,emergency,753,1.0,0.0,0.0,-0.3818,Negative,-1.0
750,counsel,749,0.0,1.0,0.0,0.0,Neutral,0.0
751,platform,749,0.0,1.0,0.0,0.0,Neutral,0.0
752,french,748,0.0,1.0,0.0,0.0,Neutral,0.0
753,survey,748,0.0,1.0,0.0,0.0,Neutral,0.0
754,feed,748,0.0,1.0,0.0,0.0,Neutral,0.0
755,king,747,0.0,1.0,0.0,0.0,Neutral,0.0
756,hotel,747,0.0,1.0,0.0,0.0,Neutral,0.0
757,treatment,747,0.0,1.0,0.0,0.0,Neutral,0.0
758,carolina,744,0.0,1.0,0.0,0.0,Neutral,0.0
759,purchase,744,0.0,1.0,0.0,0.0,Neutral,0.0
760,main,743,0.0,1.0,0.0,0.0,Neutral,0.0
761,door,743,0.0,1.0,0.0,0.0,Neutral,0.0
762,attend,743,0.0,1.0,0.0,0.0,Neutral,0.0
763,client,742,0.0,1.0,0.0,0.0,Neutral,0.0
764,complete,742,0.0,1.0,0.0,0.0,Neutral,0.0
765,episode,742,0.0,1.0,0.0,0.0,Neutral,0.0
766,opposition,741,0.0,1.0,0.0,0.0,Neutral,0.0
767,ensure,741,0.0,0.0,1.0,0.3818,Positive,1.0
768,bit,741,0.0,1.0,0.0,0.0,Neutral,0.0
769,ability,741,0.0,0.0,1.0,0.3182,Positive,1.0
770,success,740,0.0,0.0,1.0,0.5719,Positive,1.0
771,enforcement,739,0.0,1.0,0.0,0.0,Neutral,0.0
772,trading,738,0.0,1.0,0.0,0.0,Neutral,0.0
773,france,738,0.0,1.0,0.0,0.0,Neutral,0.0
774,green,738,0.0,1.0,0.0,0.0,Neutral,0.0
775,finally,738,0.0,1.0,0.0,0.0,Neutral,0.0
776,panel,737,0.0,1.0,0.0,0.0,Neutral,0.0
777,fox,736,0.0,1.0,0.0,0.0,Neutral,0.0
778,train,735,0.0,1.0,0.0,0.0,Neutral,0.0
779,road,735,0.0,1.0,0.0,0.0,Neutral,0.0
780,mayor,735,0.0,1.0,0.0,0.0,Neutral,0.0
781,dog,735,0.0,1.0,0.0,0.0,Neutral,0.0
782,dress,734,0.0,1.0,0.0,0.0,Neutral,0.0
783,mike,731,0.0,1.0,0.0,0.0,Neutral,0.0
784,advance,727,0.0,1.0,0.0,0.0,Neutral,0.0
785,damage,725,1.0,0.0,0.0,-0.4939,Negative,-1.0
786,ready,723,0.0,0.0,1.0,0.3612,Positive,1.0
787,boy,720,0.0,1.0,0.0,0.0,Neutral,0.0
788,independent,717,0.0,1.0,0.0,0.0,Neutral,0.0
789,reserve,717,0.0,1.0,0.0,0.0,Neutral,0.0
790,safe,716,0.0,0.0,1.0,0.4404,Positive,1.0
791,cast,716,0.0,1.0,0.0,0.0,Neutral,0.0
792,virus,716,0.0,1.0,0.0,0.0,Neutral,0.0
793,deep,714,0.0,1.0,0.0,0.0,Neutral,0.0
794,treat,713,0.0,0.0,1.0,0.4019,Positive,1.0
795,trust,711,0.0,0.0,1.0,0.5106,Positive,1.0
796,bush,711,0.0,1.0,0.0,0.0,Neutral,0.0
797,contact,710,0.0,1.0,0.0,0.0,Neutral,0.0
798,hearing,710,0.0,1.0,0.0,0.0,Neutral,0.0
799,favorite,709,0.0,0.0,1.0,0.4588,Positive,1.0
800,pretty,709,0.0,0.0,1.0,0.4939,Positive,1.0
801,hurt,709,1.0,0.0,0.0,-0.5267,Negative,-1.0
802,spot,708,0.0,1.0,0.0,0.0,Neutral,0.0
803,unit,707,0.0,1.0,0.0,0.0,Neutral,0.0
804,conflict,706,1.0,0.0,0.0,-0.3182,Negative,-1.0
805,perform,704,0.0,1.0,0.0,0.0,Neutral,0.0
806,urge,704,0.0,1.0,0.0,0.0,Neutral,0.0
807,affair,704,0.0,1.0,0.0,0.0,Neutral,0.0
808,cancer,704,1.0,0.0,0.0,-0.6597,Negative,-1.0
809,lie,703,0.0,1.0,0.0,0.0,Neutral,0.0
810,bar,702,0.0,1.0,0.0,0.0,Neutral,0.0
811,loan,701,0.0,1.0,0.0,0.0,Neutral,0.0
812,beijing,699,0.0,1.0,0.0,0.0,Neutral,0.0
813,announcement,698,0.0,1.0,0.0,0.0,Neutral,0.0
814,type,696,0.0,1.0,0.0,0.0,Neutral,0.0
815,suspect,695,1.0,0.0,0.0,-0.296,Negative,-1.0
816,common,695,0.0,1.0,0.0,0.0,Neutral,0.0
817,approve,694,0.0,1.0,0.0,0.0,Neutral,0.0
818,ukraine,694,0.0,1.0,0.0,0.0,Neutral,0.0
819,television,692,0.0,1.0,0.0,0.0,Neutral,0.0
820,museum,689,0.0,1.0,0.0,0.0,Neutral,0.0
821,sentence,688,0.0,0.0,1.0,0.0772,Positive,1.0
822,floor,688,0.0,1.0,0.0,0.0,Neutral,0.0
823,engage,687,0.0,0.0,1.0,0.34,Positive,1.0
824,accept,687,0.0,0.0,1.0,0.3818,Positive,1.0
825,beat,687,0.0,1.0,0.0,0.0,Neutral,0.0
826,natural,686,0.0,0.0,1.0,0.3612,Positive,1.0
827,regulation,686,0.0,1.0,0.0,0.0,Neutral,0.0
828,threaten,685,1.0,0.0,0.0,-0.3818,Negative,-1.0
829,brexit,684,0.0,1.0,0.0,0.0,Neutral,0.0
830,prison,684,1.0,0.0,0.0,-0.5106,Negative,-1.0
831,brother,684,0.0,1.0,0.0,0.0,Neutral,0.0
832,scene,683,0.0,1.0,0.0,0.0,Neutral,0.0
833,oppose,682,0.0,1.0,0.0,0.0,Neutral,0.0
834,recall,681,0.0,1.0,0.0,0.0,Neutral,0.0
835,replace,679,0.0,1.0,0.0,0.0,Neutral,0.0
836,commit,679,0.0,0.0,1.0,0.296,Positive,1.0
837,earn,675,0.0,1.0,0.0,0.0,Neutral,0.0
838,ryan,675,0.0,1.0,0.0,0.0,Neutral,0.0
839,sound,673,0.0,1.0,0.0,0.0,Neutral,0.0
840,population,672,0.0,1.0,0.0,0.0,Neutral,0.0
841,foot,672,0.0,1.0,0.0,0.0,Neutral,0.0
842,corporate,671,0.0,1.0,0.0,0.0,Neutral,0.0
843,eat,670,0.0,1.0,0.0,0.0,Neutral,0.0
844,rival,669,0.0,1.0,0.0,0.0,Neutral,0.0
845,subject,669,0.0,1.0,0.0,0.0,Neutral,0.0
846,culture,667,0.0,1.0,0.0,0.0,Neutral,0.0
847,pair,667,0.0,1.0,0.0,0.0,Neutral,0.0
848,expectation,666,0.0,1.0,0.0,0.0,Neutral,0.0
849,dance,666,0.0,1.0,0.0,0.0,Neutral,0.0
850,eu,665,0.0,1.0,0.0,0.0,Neutral,0.0
851,institute,665,0.0,1.0,0.0,0.0,Neutral,0.0
852,investigate,664,0.0,1.0,0.0,0.0,Neutral,0.0
853,fuel,663,0.0,1.0,0.0,0.0,Neutral,0.0
854,grant,662,0.0,0.0,1.0,0.3612,Positive,1.0
855,domestic,662,0.0,1.0,0.0,0.0,Neutral,0.0
856,canada,660,0.0,1.0,0.0,0.0,Neutral,0.0
857,missile,660,0.0,1.0,0.0,0.0,Neutral,0.0
858,separate,659,0.0,1.0,0.0,0.0,Neutral,0.0
859,internal,658,0.0,1.0,0.0,0.0,Neutral,0.0
860,respect,658,0.0,0.0,1.0,0.4767,Positive,1.0
861,fill,656,0.0,1.0,0.0,0.0,Neutral,0.0
862,scott,656,0.0,1.0,0.0,0.0,Neutral,0.0
863,maintain,655,0.0,1.0,0.0,0.0,Neutral,0.0
864,boost,654,0.0,0.0,1.0,0.4019,Positive,1.0
865,crowd,654,0.0,1.0,0.0,0.0,Neutral,0.0
866,stake,653,0.0,1.0,0.0,0.0,Neutral,0.0
867,facility,652,0.0,1.0,0.0,0.0,Neutral,0.0
868,giant,652,0.0,1.0,0.0,0.0,Neutral,0.0
869,link,651,0.0,1.0,0.0,0.0,Neutral,0.0
870,title,651,0.0,1.0,0.0,0.0,Neutral,0.0
871,prepare,650,0.0,1.0,0.0,0.0,Neutral,0.0
872,dead,649,1.0,0.0,0.0,-0.6486,Negative,-1.0
873,resource,649,0.0,1.0,0.0,0.0,Neutral,0.0
874,arrive,649,0.0,1.0,0.0,0.0,Neutral,0.0
875,internet,649,0.0,1.0,0.0,0.0,Neutral,0.0
876,digital,648,0.0,1.0,0.0,0.0,Neutral,0.0
877,emerge,648,0.0,1.0,0.0,0.0,Neutral,0.0
878,ongoing,647,0.0,1.0,0.0,0.0,Neutral,0.0
879,tour,645,0.0,1.0,0.0,0.0,Neutral,0.0
880,tough,644,1.0,0.0,0.0,-0.128,Negative,-1.0
881,andrew,643,0.0,1.0,0.0,0.0,Neutral,0.0
882,probe,643,0.0,1.0,0.0,0.0,Neutral,0.0
883,uk,643,0.0,1.0,0.0,0.0,Neutral,0.0
884,smith,643,0.0,1.0,0.0,0.0,Neutral,0.0
885,broad,641,0.0,1.0,0.0,0.0,Neutral,0.0
886,enjoy,641,0.0,0.0,1.0,0.4939,Positive,1.0
887,abortion,641,0.0,1.0,0.0,0.0,Neutral,0.0
888,handle,641,0.0,1.0,0.0,0.0,Neutral,0.0
889,freedom,640,0.0,0.0,1.0,0.6369,Positive,1.0
890,fast,640,0.0,1.0,0.0,0.0,Neutral,0.0
891,bernie,640,0.0,1.0,0.0,0.0,Neutral,0.0
892,count,640,0.0,1.0,0.0,0.0,Neutral,0.0
893,entire,640,0.0,1.0,0.0,0.0,Neutral,0.0
894,infrastructure,639,0.0,1.0,0.0,0.0,Neutral,0.0
895,williams,639,0.0,1.0,0.0,0.0,Neutral,0.0
896,iraq,638,0.0,1.0,0.0,0.0,Neutral,0.0
897,st,636,0.0,1.0,0.0,0.0,Neutral,0.0
898,path,635,0.0,1.0,0.0,0.0,Neutral,0.0
899,criticism,635,1.0,0.0,0.0,-0.4404,Negative,-1.0
900,addition,635,0.0,1.0,0.0,0.0,Neutral,0.0
901,device,635,0.0,1.0,0.0,0.0,Neutral,0.0
902,extend,633,0.0,0.0,1.0,0.1779,Positive,1.0
903,activist,633,0.0,1.0,0.0,0.0,Neutral,0.0
904,female,633,0.0,1.0,0.0,0.0,Neutral,0.0
905,honor,632,0.0,0.0,1.0,0.4939,Positive,1.0
906,competition,631,0.0,1.0,0.0,0.0,Neutral,0.0
907,influence,631,0.0,1.0,0.0,0.0,Neutral,0.0
908,compete,631,0.0,1.0,0.0,0.0,Neutral,0.0
909,society,629,0.0,1.0,0.0,0.0,Neutral,0.0
910,critical,627,1.0,0.0,0.0,-0.3182,Negative,-1.0
911,veteran,627,0.0,1.0,0.0,0.0,Neutral,0.0
912,paper,626,0.0,1.0,0.0,0.0,Neutral,0.0
913,encourage,626,0.0,0.0,1.0,0.5106,Positive,1.0
914,huge,625,0.0,0.0,1.0,0.3182,Positive,1.0
915,fashion,625,0.0,1.0,0.0,0.0,Neutral,0.0
916,suffer,625,1.0,0.0,0.0,-0.5423,Negative,-1.0
917,germany,625,0.0,1.0,0.0,0.0,Neutral,0.0
918,chicago,624,0.0,1.0,0.0,0.0,Neutral,0.0
919,peace,623,0.0,0.0,1.0,0.5423,Positive,1.0
920,murder,623,1.0,0.0,0.0,-0.6908,Negative,-1.0
921,testimony,622,0.0,1.0,0.0,0.0,Neutral,0.0
922,roll,621,0.0,1.0,0.0,0.0,Neutral,0.0
923,forecast,621,0.0,1.0,0.0,0.0,Neutral,0.0
924,favor,621,0.0,0.0,1.0,0.4019,Positive,1.0
925,animal,621,0.0,1.0,0.0,0.0,Neutral,0.0
926,invest,620,0.0,1.0,0.0,0.0,Neutral,0.0
927,payment,620,0.0,1.0,0.0,0.0,Neutral,0.0
928,german,618,0.0,1.0,0.0,0.0,Neutral,0.0
929,league,618,0.0,1.0,0.0,0.0,Neutral,0.0
930,bid,617,0.0,1.0,0.0,0.0,Neutral,0.0
931,remark,616,0.0,1.0,0.0,0.0,Neutral,0.0
932,virginia,616,0.0,1.0,0.0,0.0,Neutral,0.0
933,eventually,616,0.0,1.0,0.0,0.0,Neutral,0.0
934,balance,615,0.0,1.0,0.0,0.0,Neutral,0.0
935,aide,615,0.0,1.0,0.0,0.0,Neutral,0.0
936,dozen,615,0.0,1.0,0.0,0.0,Neutral,0.0
937,behavior,615,0.0,1.0,0.0,0.0,Neutral,0.0
938,introduce,614,0.0,1.0,0.0,0.0,Neutral,0.0
939,council,614,0.0,1.0,0.0,0.0,Neutral,0.0
940,style,613,0.0,1.0,0.0,0.0,Neutral,0.0
941,tension,611,1.0,0.0,0.0,-0.3182,Negative,-1.0
942,hire,610,0.0,1.0,0.0,0.0,Neutral,0.0
943,southern,608,0.0,1.0,0.0,0.0,Neutral,0.0
944,fellow,608,0.0,1.0,0.0,0.0,Neutral,0.0
945,reporting,606,0.0,1.0,0.0,0.0,Neutral,0.0
946,exist,606,0.0,1.0,0.0,0.0,Neutral,0.0
947,relation,606,0.0,1.0,0.0,0.0,Neutral,0.0
948,catch,606,0.0,1.0,0.0,0.0,Neutral,0.0
949,science,605,0.0,1.0,0.0,0.0,Neutral,0.0
950,material,604,0.0,1.0,0.0,0.0,Neutral,0.0
951,audience,603,0.0,1.0,0.0,0.0,Neutral,0.0
952,delay,602,1.0,0.0,0.0,-0.3182,Negative,-1.0
953,recognize,602,0.0,1.0,0.0,0.0,Neutral,0.0
954,difference,602,0.0,1.0,0.0,0.0,Neutral,0.0
955,sex,602,0.0,1.0,0.0,0.0,Neutral,0.0
956,singer,602,0.0,1.0,0.0,0.0,Neutral,0.0
957,richard,601,0.0,1.0,0.0,0.0,Neutral,0.0
958,environment,600,0.0,1.0,0.0,0.0,Neutral,0.0
959,fly,600,0.0,1.0,0.0,0.0,Neutral,0.0
960,mass,599,0.0,1.0,0.0,0.0,Neutral,0.0
961,signal,599,0.0,1.0,0.0,0.0,Neutral,0.0
962,club,599,0.0,1.0,0.0,0.0,Neutral,0.0
963,blue,598,0.0,1.0,0.0,0.0,Neutral,0.0
964,super,597,0.0,0.0,1.0,0.5994,Positive,1.0
965,deputy,596,0.0,1.0,0.0,0.0,Neutral,0.0
966,export,596,0.0,1.0,0.0,0.0,Neutral,0.0
967,foundation,596,0.0,1.0,0.0,0.0,Neutral,0.0
968,advocate,596,0.0,1.0,0.0,0.0,Neutral,0.0
969,fair,595,0.0,0.0,1.0,0.3182,Positive,1.0
970,sort,595,0.0,1.0,0.0,0.0,Neutral,0.0
971,word,595,0.0,1.0,0.0,0.0,Neutral,0.0
972,funding,595,0.0,1.0,0.0,0.0,Neutral,0.0
973,strategist,594,0.0,1.0,0.0,0.0,Neutral,0.0
974,journalist,594,0.0,1.0,0.0,0.0,Neutral,0.0
975,listen,594,0.0,1.0,0.0,0.0,Neutral,0.0
976,prove,593,0.0,1.0,0.0,0.0,Neutral,0.0
977,celebrate,593,0.0,0.0,1.0,0.5719,Positive,1.0
978,sister,593,0.0,1.0,0.0,0.0,Neutral,0.0
979,housing,592,0.0,1.0,0.0,0.0,Neutral,0.0
980,card,591,0.0,1.0,0.0,0.0,Neutral,0.0
981,approval,591,0.0,0.0,1.0,0.4767,Positive,1.0
982,agent,591,0.0,1.0,0.0,0.0,Neutral,0.0
983,finish,591,0.0,1.0,0.0,0.0,Neutral,0.0
984,paris,589,0.0,1.0,0.0,0.0,Neutral,0.0
985,match,589,0.0,1.0,0.0,0.0,Neutral,0.0
986,reflect,587,0.0,1.0,0.0,0.0,Neutral,0.0
987,hall,586,0.0,1.0,0.0,0.0,Neutral,0.0
988,touch,586,0.0,1.0,0.0,0.0,Neutral,0.0
989,airport,585,0.0,1.0,0.0,0.0,Neutral,0.0
990,storm,583,0.0,1.0,0.0,0.0,Neutral,0.0
991,jones,582,0.0,1.0,0.0,0.0,Neutral,0.0
992,speaker,582,0.0,1.0,0.0,0.0,Neutral,0.0
993,round,582,0.0,1.0,0.0,0.0,Neutral,0.0
994,elect,581,0.0,1.0,0.0,0.0,Neutral,0.0
995,harry,581,0.0,1.0,0.0,0.0,Neutral,0.0
996,fourth,580,0.0,1.0,0.0,0.0,Neutral,0.0
997,jan,579,0.0,1.0,0.0,0.0,Neutral,0.0
998,intend,579,0.0,1.0,0.0,0.0,Neutral,0.0
999,driver,577,0.0,1.0,0.0,0.0,Neutral,0.0
